Linette,T,Bluming,9419 Germantown Ave,Pittsburgh,PA,15201,412-218-1242
Brice,Q,Tufano,4362 Date Palm Dr,Pittsburgh,PA,15201,412-220-7443
Debbi,N,Humphrey,2 W Wieuca Rd Ne,Pittsburgh,PA,15201,412-227-3808
Alda,R,Proksch,47 Canal St,Pittsburgh,PA,15201,412-234-3791
Katrice,U,Nanfito,4 Distribution Way #3666,Pittsburgh,PA,15201,412-243-8412
Ora,B,Darby,449 N Loop #788,Pittsburgh,PA,15201,412-246-6066
Orval,D,Sheldrick,441 Tarrytown Rd,Pittsburgh,PA,15201,412-248-1117
Ira,M,Ravenel,24 N Creyts Rd #405,Pittsburgh,PA,15201,412-252-9323
Sherita,J,Harthcock,25308 W O St,Pittsburgh,PA,15201,412-260-4815
Mechelle,G,Bojanowski,8539 Lafayette St,Pittsburgh,PA,15201,412-263-5275
Izola,L,Holtan,4036 Greenwood Pl,Pittsburgh,PA,15201,412-272-9581
Albina,G,Greenawalt,47 Poplar Hill Ln,Pittsburgh,PA,15201,412-277-5928
Chante,E,Merbaum,65 20th St Sw,Pittsburgh,PA,15201,412-284-4784
Serafina,R,Barrow,994 Rene Ave,Pittsburgh,PA,15201,412-284-9917
Emmitt,J,Futral,7 New York Ave,Pittsburgh,PA,15201,412-295-2598
Joan,J,Lewry,9409 Beach Blvd,Pittsburgh,PA,15201,412-298-9528
Ka,H,Gravito,47227 Cavanaugh Rd #74,Pittsburgh,PA,15201,412-303-7289
Katharine,J,Lively,51 Brownell St,Pittsburgh,PA,15201,412-309-3385
Angelika,M,Deschambault,16 W Merchant St #3700,Pittsburgh,PA,15201,412-317-1746
Veronika,H,Gerrish,4 S Hiawassee Rd #118,Pittsburgh,PA,15201,412-321-3978
Clarence,V,Thate,3 S Date Ave,Pittsburgh,PA,15201,412-329-4179
Leta,K,Faurot,57 Georgetown Rd,Pittsburgh,PA,15201,412-335-6098
Mellie,M,Oropeza,94 Hackensack Ave,Pittsburgh,PA,15201,412-344-6390
Lavera,L,Falcione,5796 Ponce De Leon Blvd #236,Pittsburgh,PA,15201,412-348-4755
Pei,J,Yeasted,1 Mukilteo Spdwy #13,Pittsburgh,PA,15201,412-353-5721
Jeffie,C,Maricle,937 Pennsylvania Ave #9581,Pittsburgh,PA,15201,412-362-1134
Tressie,Z,Aubrecht,2621 Anaheim St,Pittsburgh,PA,15201,412-370-8482
Yasmine,A,Gerty,25255 N 19th St,Pittsburgh,PA,15201,412-379-2439
Mui,U,Reffner,7 Reisterstown Rd,Pittsburgh,PA,15201,412-383-6543
Digna,N,Bradica,88633 Industrial Prk,Pittsburgh,PA,15201,412-388-4267
Mattie,H,Hegna,3 Palmetto Ave,Pittsburgh,PA,15201,412-398-9504
Fanny,Q,Bartosiewicz,71386 2nd St,Pittsburgh,PA,15201,412-409-3951
Wonda,Y,Gathright,961 Logan Ave,Pittsburgh,PA,15201,412-411-7064
Janina,K,Dishian,1 Monroe St,Pittsburgh,PA,15201,412-412-8662
Eugena,B,Cadet,661 W Peoria Ave,Pittsburgh,PA,15201,412-421-2833
Alyssa,O,Covello,321 Walnut St,Pittsburgh,PA,15201,412-431-1106
Carlene,N,Rowbottom,482 S Ballenger Hwy,Pittsburgh,PA,15201,412-439-5683
Thomasina,Q,Cawthron,50189 Greenwood Pl #543,Pittsburgh,PA,15201,412-442-4913
Johanne,D,Ancira,7 Smith St #375,Pittsburgh,PA,15201,412-460-2469
Jeanette,Q,Chladek,751 E Broadway,Pittsburgh,PA,15201,412-461-9447
Lizzie,B,Adank,9 Se Riverside Dr,Pittsburgh,PA,15201,412-469-9018
Tanika,T,Pacewicz,90966 Monroe St,Pittsburgh,PA,15201,412-474-2080
Lisette,X,Oheron,2426 Tommy True Ct,Pittsburgh,PA,15201,412-479-8877
Luciano,Q,Nylund,259 Whitley Rd Nw #45,Pittsburgh,PA,15201,412-485-7826
Kelsie,H,Lightbody,79295 Battery Pl,Pittsburgh,PA,15201,412-490-7045
Lexie,S,Mccrohan,589 10th St #43,Pittsburgh,PA,15201,412-492-1563
Kenda,F,Denomme,20 Christie Ave,Pittsburgh,PA,15201,412-496-2979
Magaret,S,Crumble,715 Light St,Pittsburgh,PA,15201,412-501-4547
Hang,L,Carroway,7270 Ridge Rd W,Pittsburgh,PA,15201,412-506-9904
Keenan,J,Schlagel,75 Grace St Nw,Pittsburgh,PA,15201,412-512-3466
Cary,F,Kosty,256 W Pratt St #9547,Pittsburgh,PA,15201,412-519-4529
Alycia,T,Bottalico,469 1st Ave,Pittsburgh,PA,15201,412-521-4552
Lecia,P,Brendle,5560 Washington Ave,Pittsburgh,PA,15201,412-527-5433
Willy,F,Dicapua,82 Prairie Ave,Pittsburgh,PA,15201,412-530-2594
Trinity,W,Macchione,33070 Journal Sq,Pittsburgh,PA,15201,412-535-1834
Nanette,P,Filipponi,31819 Maple St #437,Pittsburgh,PA,15201,412-540-9009
Hildegarde,N,Hazel,932 S El Dorado St,Pittsburgh,PA,15201,412-565-4912
Anne,J,Borkowski,12758 N Stonestreet Ave #481,Pittsburgh,PA,15201,412-568-8801
Veronica,G,Podkowka,8708 W Main St,Pittsburgh,PA,15201,412-580-3448
Mignon,B,Camel,48201 Page Ave,Pittsburgh,PA,15201,412-583-9311
Telma,A,Mesich,93 Pacific Hwy,Pittsburgh,PA,15201,412-586-7714
Lucienne,U,Pomberg,7 W Olive Ave,Pittsburgh,PA,15201,412-587-3063
Betsy,R,Kogen,645 Montgomery Ave #5440,Pittsburgh,PA,15201,412-591-6012
Dwight,E,Kopperman,4 Country Ln,Pittsburgh,PA,15201,412-598-2894
Spencer,Y,Thon,6595 T St,Pittsburgh,PA,15201,412-606-5605
Missy,W,Repinski,6 W 5th St,Pittsburgh,PA,15201,412-607-2554
Mohammad,F,Forschner,149 Monroe St,Pittsburgh,PA,15201,412-612-2699
Maryellen,E,Sowards,6754 Carmenita Rd,Pittsburgh,PA,15201,412-618-2172
Shaun,X,Stalnaker,90 Westwood Blvd #52,Pittsburgh,PA,15201,412-628-1259
Jean,D,Knestrick,5 Tower Ave #6,Pittsburgh,PA,15201,412-632-4206
Cleveland,X,Louks,32953 W Guadalupe Rd,Pittsburgh,PA,15201,412-646-5174
Ted,V,Stake,44635 N Appleknocker Dr #299,Pittsburgh,PA,15201,412-650-7138
Rubie,U,Butterbaugh,78310 N Fresno St,Pittsburgh,PA,15201,412-656-6150
Zaida,I,Philbin,48118 Portage St #9,Pittsburgh,PA,15201,412-659-9500
Vikki,K,Hodder,2577 W 38th St #457,Pittsburgh,PA,15201,412-666-9994
Pamila,W,Birkenhagen,4 Mannix Dr #726,Pittsburgh,PA,15201,412-676-3936
Junko,X,Gallo,27 Pedretti Ave,Pittsburgh,PA,15201,412-681-1395
Martina,H,Ludke,73 Goldenwest St,Pittsburgh,PA,15201,412-683-3375
Sherryl,P,Hoglen,5438 Basin Ave,Pittsburgh,PA,15201,412-696-1618
Asia,O,Caquias,78966 S Main,Pittsburgh,PA,15201,412-702-8467
Maia,N,Crosthwaite,84646 Hillsboro St,Pittsburgh,PA,15201,412-708-8983
Brooks,K,Warmath,90056 N Prince St,Pittsburgh,PA,15201,412-711-5566
Kaitlin,I,Ursprung,63 Van Dam St,Pittsburgh,PA,15201,412-718-2533
Diana,G,Stinehelfer,5 Ne Highway 20,Pittsburgh,PA,15201,412-722-7132
Terrilyn,S,April,8 S Babcock St,Pittsburgh,PA,15201,412-724-5375
Annemarie,E,Coopage,4 Crazy Horse Dr,Pittsburgh,PA,15201,412-726-3142
Mohamed,F,Ovadilla,4 13th Miile #677,Pittsburgh,PA,15201,412-736-1691
Shirl,F,Groberg,77745 W 17th St,Pittsburgh,PA,15201,412-738-8105
Georgeanna,O,Stiltz,975 S Hulen St,Pittsburgh,PA,15201,412-744-3019
Iraida,D,Hubbartt,63716 East St #332,Pittsburgh,PA,15201,412-747-6886
Myrtis,E,Hash,2 W Quail Ave,Pittsburgh,PA,15201,412-754-6050
Trudy,F,Maniaci,4541 Southampton Rd #63,Pittsburgh,PA,15201,412-756-3086
Modesta,R,Rykert,2116 E Jarvis Pl,Pittsburgh,PA,15201,412-763-7851
Marquitta,S,Stillman,3 105th Ave #282,Pittsburgh,PA,15201,412-765-4357
Arlette,L,Deschamps,5234 2judiccial Dr #297,Pittsburgh,PA,15201,412-780-2387
Kim,L,Kuschel,75899 Dorr Dr,Pittsburgh,PA,15201,412-789-3095
Betsy,B,Gaytan,6 Bridge St,Pittsburgh,PA,15201,412-805-2606
Rocky,J,Kochler,4 Grand Ave,Pittsburgh,PA,15201,412-806-7854
Mendy,X,Goan,57451 Cordell Ave,Pittsburgh,PA,15201,412-813-9441
Cynthia,T,Fasone,7921 E 81st St,Pittsburgh,PA,15201,412-815-9528
Lan,U,Rowsey,3 Shore St,Pittsburgh,PA,15201,412-822-4530
Kaye,T,Popovic,35807 Roymar Rd,Pittsburgh,PA,15201,412-826-9355
Rafael,F,Sheldrick,46834 Little River Tpke,Pittsburgh,PA,15201,412-832-9055
Cammy,M,Mulnix,8792 Belmont Ave,Pittsburgh,PA,15201,412-836-8688
Natalia,Z,Alig,8 E Gibson St,Pittsburgh,PA,15201,412-841-9289
Moira,G,Lasenby,4193 Keystone Dr,Pittsburgh,PA,15201,412-844-1740
Melba,C,Gillmore,807 Wooster St,Pittsburgh,PA,15201,412-851-9168
Stevie,D,Hoage,29 Pennsylvania Ave Nw,Pittsburgh,PA,15201,412-857-3925
Alessandra,S,Cutillo,31 Windsor Ave,Pittsburgh,PA,15201,412-863-6693
Aisha,L,Cancro,2626 N 51st Ave,Pittsburgh,PA,15201,412-868-5507
Janae,T,Braegelmann,74933 Murfreesboro Pike #1803,Pittsburgh,PA,15201,412-872-8405
Isreal,E,Dom,2 Lake City Hwy,Pittsburgh,PA,15201,412-876-6233
Carola,O,Horrell,478 Nw 63rd St,Pittsburgh,PA,15201,412-880-2526
Twyla,J,Steich,57344 Westbank Expy,Pittsburgh,PA,15201,412-884-9330
Amy,Y,Giuffre,2 Gateway Blvd,Pittsburgh,PA,15201,412-905-6955
Son,U,Engfer,97 Harwin Dr #70,Pittsburgh,PA,15201,412-907-3316
Ginger,J,Wilfred,92 Belmont Ave #6352,Pittsburgh,PA,15201,412-915-1761
Myles,E,Rodan,15 W 51st St,Pittsburgh,PA,15201,412-921-7995
Victorina,L,Guttman,4 Crabbs Branch Way,Pittsburgh,PA,15201,412-933-2957
Carmon,I,Lasalle,51 9th St,Pittsburgh,PA,15201,412-936-4047
Farah,K,Giner,94 Noble Plz,Pittsburgh,PA,15201,412-940-7891
Marlin,S,Monford,91 S Washington Ave,Pittsburgh,PA,15201,412-947-5495
Amiee,A,Stocki,2 W Peachtree St Nw,Pittsburgh,PA,15201,412-954-4278
Cameron,H,Mondello,83242 N Stemmons Fwy,Pittsburgh,PA,15201,412-961-6587
Marica,Q,Wehmann,64 Highway Blvd,Pittsburgh,PA,15201,412-970-2640
Nikita,S,Trostle,47254 Ernest St,Pittsburgh,PA,15201,412-979-4289
Halina,M,Cribbin,7 York Rd,Pittsburgh,PA,15201,412-986-1182
Kristel,Q,Avenia,450 N Plankinton Ave,Pittsburgh,PA,15201,412-987-9362
Francina,W,Grammes,6995 S Michigan Ave #642,Pittsburgh,PA,15201,412-996-7423
Marline,J,Fritch,63 Highway 80 E #2,Pittsburgh,PA,15205,412-205-2151
Elizebeth,T,Highberger,929 Bandera Rd,Pittsburgh,PA,15205,412-211-4728
Torri,N,Neuendorf,968 E 5th St #662,Pittsburgh,PA,15205,412-215-6576
Marisol,D,Pfrommer,29504 N 1st St #7,Pittsburgh,PA,15205,412-226-2633
Adan,D,Bayliff,36 Lyndon B Johnson Fwy,Pittsburgh,PA,15205,412-228-6409
Bettie,A,Tomaselli,29706 Roymar Rd,Pittsburgh,PA,15205,412-244-8097
Nguyet,L,Tyer,26008 Taft Ave,Pittsburgh,PA,15205,412-258-2968
Sherie,S,Reininger,57445 Grape St #2,Pittsburgh,PA,15205,412-280-3743
Janna,I,Wiegmann,55465 W Main St,Pittsburgh,PA,15205,412-286-3590
Odell,T,Edens,9817 Racquet Ball Dr,Pittsburgh,PA,15205,412-296-8254
Ivette,C,Colabella,8524 Newbury St,Pittsburgh,PA,15205,412-301-8480
Mila,Z,Bertschy,19 W Main St,Pittsburgh,PA,15205,412-309-9674
Fae,U,Greenwood,56 Steve Dr,Pittsburgh,PA,15205,412-330-6199
Audria,K,Mickus,241 N Port Ave,Pittsburgh,PA,15205,412-342-4366
Josue,A,Mahaffey,522 Main St,Pittsburgh,PA,15205,412-359-5803
Arvilla,Q,Pugeda,3689 W Jackson Blvd,Pittsburgh,PA,15205,412-370-5085
Joslyn,P,Lion,336 Bridge St,Pittsburgh,PA,15205,412-373-4921
Willie,W,Khalifah,91252 W Moreland Rd,Pittsburgh,PA,15205,412-383-9507
Marianne,S,Baldomero,77030 Battery St,Pittsburgh,PA,15205,412-393-1619
Grisel,J,Dolan,4849 Bering Dr,Pittsburgh,PA,15205,412-419-8109
Elna,J,Minchow,7 9th Ave N,Pittsburgh,PA,15205,412-423-2616
Kasha,T,Deno,15 Riley St #7106,Pittsburgh,PA,15205,412-462-3406
Debbie,P,Lessenberry,3 A St #1855,Pittsburgh,PA,15205,412-465-6629
Evelia,H,Dileonardo,75314 N 7th Ave #5974,Pittsburgh,PA,15205,412-470-3118
Maryellen,V,Carozza,67410 Middletown Blvd,Pittsburgh,PA,15205,412-471-8605
Duane,H,Speagle,758 Sammis Ave,Pittsburgh,PA,15205,412-489-1052
Yu,O,Orhenkowski,882 41st Ave,Pittsburgh,PA,15205,412-497-1955
Maud,R,Solich,887 Bement Ave,Pittsburgh,PA,15205,412-507-7105
Katherin,A,Guenthner,98 Steve Dr,Pittsburgh,PA,15205,412-510-9699
Makeda,C,Trabold,102 Bloomfield Ave #27,Pittsburgh,PA,15205,412-520-8991
Maisie,Y,Gibbens,55 W Cerritos Ave #28,Pittsburgh,PA,15205,412-525-8422
Crysta,I,Wilkening,2166 E Idaho St,Pittsburgh,PA,15205,412-537-2242
Marguerite,O,Edison,89 Jackson St,Pittsburgh,PA,15205,412-543-2641
Aretha,P,Moitoso,9 Brooks St,Pittsburgh,PA,15205,412-552-6918
Audrie,N,Filhiol,9 York Rd #6731,Pittsburgh,PA,15205,412-555-9883
Verlene,M,Opunui,1242 E Franklin St,Pittsburgh,PA,15205,412-579-8088
Williemae,Z,Guild,1 Michael Dr,Pittsburgh,PA,15205,412-580-6367
Melissia,Y,Granvil,86554 Us Highway 111,Pittsburgh,PA,15205,412-583-4339
Thomas,B,Cabido,7205 2nd Ave S,Pittsburgh,PA,15205,412-584-4853
Eugene,W,Lumba,65491 Old William Penn Hwy,Pittsburgh,PA,15205,412-595-6294
Bobbye,R,Mejia,48 Court St,Pittsburgh,PA,15205,412-599-5158
Gerry,V,Detwiler,55 Fernwood Ave,Pittsburgh,PA,15205,412-611-8287
Terese,X,Plys,55373 Statesville Rd,Pittsburgh,PA,15205,412-619-5192
Mariam,D,Vandertuig,3660 Euclid Ave,Pittsburgh,PA,15205,412-635-7909
Haley,R,Mcdannold,950 Charcot Ave,Pittsburgh,PA,15205,412-650-8355
Adaline,R,Mclavrin,58834 Bayhill Dr,Pittsburgh,PA,15205,412-675-4054
Charlsie,A,Conmy,85006 Elmwood Dr,Pittsburgh,PA,15205,412-695-2601
Parthenia,C,Marius,324 May St,Pittsburgh,PA,15205,412-709-7342
Vincenzo,J,Merrick,7 W Moore Ave,Pittsburgh,PA,15205,412-722-7408
Janise,T,Barbor,89153 Mason St #6,Pittsburgh,PA,15205,412-731-9786
Lesia,V,Anibal,856 16th St Sw #38,Pittsburgh,PA,15205,412-740-9081
Teri,S,Berkery,74055 Auburn Ave,Pittsburgh,PA,15205,412-757-4745
Harriett,Q,Balkus,874 E 17th St #748,Pittsburgh,PA,15205,412-770-3383
Glynis,W,Jezek,776 Newman Springs Rd E,Pittsburgh,PA,15205,412-785-2753
Ward,N,Alicea,2652 Huntingdon Dr,Pittsburgh,PA,15205,412-800-9243
Naoma,R,Antoine,70020 Worth St,Pittsburgh,PA,15205,412-818-1941
Reta,A,Polk,69 W Charleston Blvd,Pittsburgh,PA,15205,412-820-8113
Winston,P,Schoeneman,3483 S 7th St #5,Pittsburgh,PA,15205,412-840-1497
Zoila,V,Eiche,1740 S Main St,Pittsburgh,PA,15205,412-841-9943
Jerold,Q,Hinkey,95 E Tioga St,Pittsburgh,PA,15205,412-854-8750
Etha,Q,Choat,17 Falls Rd #74,Pittsburgh,PA,15205,412-857-1981
Herta,Y,Lecznar,94025 Broadway St,Pittsburgh,PA,15205,412-886-1940
Aleen,K,Shelman,9138 West St #7225,Pittsburgh,PA,15205,412-889-8870
Newton,B,Greener,7 107th St #3,Pittsburgh,PA,15205,412-919-7267
Thanh,W,Sprauve,35346 Bellanca Ave,Pittsburgh,PA,15205,412-928-1973
Eden,X,Imig,74 S Main St,Pittsburgh,PA,15205,412-939-1305
Ahmed,O,Rosebure,450 New Brooklyn Rd,Pittsburgh,PA,15205,412-958-8418
Dalton,F,Capper,7015 19th St,Pittsburgh,PA,15205,412-975-9408
Otis,E,Beaubien,93 N 4th St,Pittsburgh,PA,15205,412-983-5959
Bebe,X,Ossowski,1 E Reynolds Rd #350,Pittsburgh,PA,15205,412-992-7710
Masako,I,Airhart,49 N Cocoa Blvd,Pittsburgh,PA,15206,412-203-4041
Darwin,T,Dammrich,2 Hope Rd,Pittsburgh,PA,15206,412-208-7792
Jasmin,A,Soiro,48 Sw 5th Ave,Pittsburgh,PA,15206,412-220-1194
Sung,D,Skroch,1319 John Reed Ct,Pittsburgh,PA,15206,412-229-1957
Toccara,H,Primos,9260 S Broad St,Pittsburgh,PA,15206,412-233-2458
Emelia,G,Sawinski,428 W 18th St,Pittsburgh,PA,15206,412-237-7781
Martin,L,Bechtol,3 Oakbrook Blvd,Pittsburgh,PA,15206,412-243-7828
Mei,A,Gollman,61621 I St,Pittsburgh,PA,15206,412-266-5779
Jerrica,J,Khazdozian,12 Executive Pky,Pittsburgh,PA,15206,412-271-9945
Josue,K,Lenczyk,960 N 6th St #743,Pittsburgh,PA,15206,412-278-7626
Ann,T,Loukidis,3129 Wood Ave S,Pittsburgh,PA,15206,412-287-5757
Keitha,J,Slatter,4 E Gun Hill Rd #9588,Pittsburgh,PA,15206,412-301-9115
Leann,B,Bissell,6199 S Story Rd,Pittsburgh,PA,15206,412-307-7993
Merrill,B,Randol,3 Town Ctr,Pittsburgh,PA,15206,412-318-9362
Hollis,I,Weltzin,9689 Goddard Rd,Pittsburgh,PA,15206,412-339-1905
Irving,N,Terron,7 Us Highway 12e E,Pittsburgh,PA,15206,412-360-9100
Tawnya,O,Geiss,60 Stanford Aven,Pittsburgh,PA,15206,412-370-3273
Geri,V,Lykam,8464 Spring Arbor Rd,Pittsburgh,PA,15206,412-380-8293
Wesley,R,Molett,480 Stillwater Ave,Pittsburgh,PA,15206,412-388-5493
Micaela,D,Laterza,7 Willow Ave,Pittsburgh,PA,15206,412-405-6583
Wilber,K,Delaglio,5735 W Independence Blvd Bldg,Pittsburgh,PA,15206,412-412-5815
Louie,S,Eleveld,1 Metro Blvd,Pittsburgh,PA,15206,412-436-4067
Fay,J,Bloemker,963 Terrace St #479,Pittsburgh,PA,15206,412-456-8428
Apolonia,N,Wawers,3 W Washington Blvd #15,Pittsburgh,PA,15206,412-464-9250
Marcos,X,Carridine,9084 S Crescent Blvd #418,Pittsburgh,PA,15206,412-483-2537
Michal,P,Naderman,83 Gaither Dr,Pittsburgh,PA,15206,412-508-2235
Niki,C,Kester,9561 W Commercial St #373,Pittsburgh,PA,15206,412-515-3808
Delfina,A,Kruegel,64065 N San Saba,Pittsburgh,PA,15206,412-537-5394
Eneida,Y,Sider,48588 Massachusetts Ave,Pittsburgh,PA,15206,412-541-8379
Kyra,S,Harshaw,1295 Oak Ave,Pittsburgh,PA,15206,412-546-8690
Devon,M,Commer,14638 Fountain St,Pittsburgh,PA,15206,412-550-8748
Erwin,Y,Merendino,59868 3rd Ave,Pittsburgh,PA,15206,412-572-6297
Sylvia,E,Vanbramer,3 Nolan Rd #4,Pittsburgh,PA,15206,412-577-2373
Cory,C,Adzhabakyan,824 Lincoln St #550,Pittsburgh,PA,15206,412-588-6666
Taneka,Y,Robel,30 S Pierce St,Pittsburgh,PA,15206,412-591-5424
Maryjo,O,Arbertha,306 E Pomona St #3749,Pittsburgh,PA,15206,412-603-1868
Florance,Q,Weathersby,7 N Robinson Ave,Pittsburgh,PA,15206,412-618-2276
Neda,D,Rosenfeld,3699 E Devon Ave #6,Pittsburgh,PA,15206,412-628-1596
Alana,Z,Sicola,6083 Klondike Dr,Pittsburgh,PA,15206,412-640-2653
Omega,O,Leialoha,94 W Division St,Pittsburgh,PA,15206,412-694-4124
Lester,Y,Eberline,856 S Beckley St,Pittsburgh,PA,15206,412-696-9217
Roxanna,N,Shulte,37 Buster St,Pittsburgh,PA,15206,412-719-2601
Desirae,E,Tolleson,97 39th Ave N #4465,Pittsburgh,PA,15206,412-723-6316
Josiah,I,Cascio,85 S Shannon St,Pittsburgh,PA,15206,412-738-2537
Gertie,F,Wollmuth,62628 Austin Bluffs Pky #3,Pittsburgh,PA,15206,412-746-8537
Sharlene,B,Bethke,9 Saint George Ave,Pittsburgh,PA,15206,412-772-2702
Deeanna,P,Parshotam,8 Lincoln Blvd,Pittsburgh,PA,15206,412-784-6990
Malka,H,Ostergren,14 N Mason Rd,Pittsburgh,PA,15206,412-790-4252
Lashawn,W,Sonderegger,89730 Winn St #2231,Pittsburgh,PA,15206,412-802-9442
Darcy,M,Valenzuela,2 N Wacker Dr,Pittsburgh,PA,15206,412-811-8448
Bryant,E,Massa,788 Willow St,Pittsburgh,PA,15206,412-832-2246
Cassidy,G,Presti,1 W 47th St,Pittsburgh,PA,15206,412-849-2565
Bella,F,Zanni,95 S Ripley Blvd,Pittsburgh,PA,15206,412-851-4986
Boris,K,Quillin,5578 Stephenson Hwy #8323,Pittsburgh,PA,15206,412-861-3990
Shonna,M,Trulove,711 E Stetson Dr,Pittsburgh,PA,15206,412-864-9656
Alease,E,Victorian,513 Mcauley Dr #999,Pittsburgh,PA,15206,412-882-7435
Kira,W,Torralba,7 S Michigan St #8683,Pittsburgh,PA,15206,412-912-2263
Rosemary,B,Berner,72 Acco Dr,Pittsburgh,PA,15206,412-922-1949
Rozella,B,Doren,1030 Murfreesboro Pike,Pittsburgh,PA,15206,412-928-9129
Elbert,V,Games,37747 New Circle Rd Ne,Pittsburgh,PA,15206,412-942-5468
Santiago,T,Kronberg,133 State Rt 23,Pittsburgh,PA,15206,412-952-8561
Antonetta,Z,Waldroup,8 Noblestown Rd,Pittsburgh,PA,15206,412-965-5971
Arnita,E,Methe,55 N Michigan Ave #5077,Pittsburgh,PA,15206,412-978-5517
Luz,P,Lidge,6611 Howard St,Pittsburgh,PA,15216,412-206-1699
Corey,I,Malouf,172 Boston St,Pittsburgh,PA,15216,412-207-2618
Rueben,Q,Spendlove,8127 Zimmerly Rd,Pittsburgh,PA,15216,412-214-3568
Katherine,M,Bonawitz,8651 W 5th St,Pittsburgh,PA,15216,412-216-5948
Jackelyn,V,Donelson,2 Brazil St,Pittsburgh,PA,15216,412-231-5688
Stacey,A,Sumaya,20 W Waters Ave,Pittsburgh,PA,15216,412-237-3281
Kathy,V,Pearcy,5660 Jefferson Blvd,Pittsburgh,PA,15216,412-249-6672
Alton,K,Hansford,6258 Us Highway 9,Pittsburgh,PA,15216,412-256-1531
Dwight,G,Raeder,5353 Marcus Ave,Pittsburgh,PA,15216,412-260-5952
Delbert,L,Auge,65617 Battery St #34,Pittsburgh,PA,15216,412-268-1395
Johnathan,G,Rowe,3159 W Vickery Blvd,Pittsburgh,PA,15216,412-279-7174
Johnathon,P,Szczurek,1467 Falkenburg Rd #482,Pittsburgh,PA,15216,412-288-3186
Bernita,Q,Sedor,30543 W 35th St,Pittsburgh,PA,15216,412-295-8227
Violette,Z,Glenna,9760 Rancho Conejo Blvd,Pittsburgh,PA,15216,412-297-3107
Vi,X,Lybrand,5 Main St,Pittsburgh,PA,15216,412-301-6710
Carry,A,Strassel,713 Hartel Ave,Pittsburgh,PA,15216,412-304-4851
Reed,F,Mattsen,1840 Northern Ave,Pittsburgh,PA,15216,412-325-1252
Vincent,Z,Betit,40094 Hamilton Blvd,Pittsburgh,PA,15216,412-330-7943
Valda,P,Foran,89339 Commercial Dr,Pittsburgh,PA,15216,412-334-7363
Oleta,E,Phou,31 N Prince St,Pittsburgh,PA,15216,412-346-9550
James,W,Jannsen,4572 Oak Ridge Rd #708,Pittsburgh,PA,15216,412-353-4077
Mario,R,Portier,45663 5th St W #2232,Pittsburgh,PA,15216,412-357-1092
Veronika,T,Fiero,1805 Commercial Dr,Pittsburgh,PA,15216,412-361-7708
Richie,H,Lipitz,74 Dorsett Rd,Pittsburgh,PA,15216,412-370-2300
Jenelle,U,Fausset,77 Greismere St,Pittsburgh,PA,15216,412-379-2638
Alva,I,Clonch,6814 N Plankinton Ave,Pittsburgh,PA,15216,412-381-9943
Ernestina,C,Herdman,44111 Empire Blvd #6825,Pittsburgh,PA,15216,412-391-8771
Melita,K,Vassen,385 Jackson St #9681,Pittsburgh,PA,15216,412-393-3376
Marni,B,Vasques,72475 Washington St,Pittsburgh,PA,15216,412-404-1123
Don,G,Scotton,63 Holomua St,Pittsburgh,PA,15216,412-408-3339
Bob,L,Camejo,37 Old Dover Rd #421,Pittsburgh,PA,15216,412-414-4616
So,Z,Inda,49 Menaul Blvd Ne,Pittsburgh,PA,15216,412-421-7803
Arlyne,X,Empasis,1118 S State St,Pittsburgh,PA,15216,412-426-6990
Coleen,C,Colafrancesco,2921 S 300 W #40,Pittsburgh,PA,15216,412-433-8300
Willena,S,Mailliard,71 S Fair Oaks Ave,Pittsburgh,PA,15216,412-439-2670
Olene,H,Pendl,9454 Quarrier St,Pittsburgh,PA,15216,412-447-1034
Anita,F,Attanasio,7 Versailles Blvd #8,Pittsburgh,PA,15216,412-455-3001
Quentin,J,Bernice,396 Auburn Ave,Pittsburgh,PA,15216,412-456-9999
Gussie,X,Bilderback,1 Troy Hills Rd,Pittsburgh,PA,15216,412-462-3531
Charise,N,Woytowich,36 2nd Ave Se,Pittsburgh,PA,15216,412-467-4245
Eula,Q,Burdg,63320 Richmond Ave,Pittsburgh,PA,15216,412-471-1907
Stephenie,E,Fossum,7 Lagrange Ave,Pittsburgh,PA,15216,412-472-5936
Miles,P,Norbury,5866 Sir Francis Drake Blvd,Pittsburgh,PA,15216,412-480-7875
Scottie,B,Kozlovsky,475 Center Park Dr,Pittsburgh,PA,15216,412-484-8107
Lilliam,Y,Lendor,7747 W Grand Ave #5339,Pittsburgh,PA,15216,412-496-5564
Roxane,V,Birenbaum,85648 Bay St,Pittsburgh,PA,15216,412-498-4465
Joe,P,Centorino,3 S 1st Ave,Pittsburgh,PA,15216,412-504-1396
Wesley,F,Shafran,1 Live Oak St,Pittsburgh,PA,15216,412-505-8697
Emogene,W,Terrell,19729 E 26th Ave,Pittsburgh,PA,15216,412-508-1638
Delaine,L,Hedeiros,67 Manchester Blvd #33,Pittsburgh,PA,15216,412-510-9818
Shawnda,E,Earll,99400 N Cataract Ave,Pittsburgh,PA,15216,412-517-1691
Shondra,Q,Spicher,9373 Murfreesboro Rd #367,Pittsburgh,PA,15216,412-519-2361
Devon,H,Turtura,8370 W Kellogg Dr,Pittsburgh,PA,15216,412-530-1708
Vergie,G,Walat,5410 Pali Momi St #76,Pittsburgh,PA,15216,412-531-7441
Marilu,K,Baughn,27644 S Broadway St,Pittsburgh,PA,15216,412-535-3927
Allie,R,Mcconico,1 Hill Rd,Pittsburgh,PA,15216,412-541-1413
Ladawn,G,Gershenson,56 Alabama Ave #56,Pittsburgh,PA,15216,412-547-7949
Carley,A,Berl,886 Robert S #59,Pittsburgh,PA,15216,412-549-7112
Collen,X,Gneiser,9291 E Aven #2465,Pittsburgh,PA,15216,412-558-1082
Shelley,G,Hennessy,545 S Euclid St,Pittsburgh,PA,15216,412-562-3237
Lorna,A,Weiher,80 Rancho Conejo Blvd,Pittsburgh,PA,15216,412-572-5326
Bobbi,G,Wong,956 E Court Sq #1,Pittsburgh,PA,15216,412-576-5065
Shanon,Z,Prestidge,8 Se 82nd Dr #379,Pittsburgh,PA,15216,412-588-2452
Eartha,V,Munir,1074 Fortin Dr,Pittsburgh,PA,15216,412-592-8081
Clifford,W,Dales,2 Dry Fork Rd,Pittsburgh,PA,15216,412-598-8385
Kanisha,S,Corcuera,78343 Buck Rd,Pittsburgh,PA,15216,412-603-5951
Lynn,R,Kurnik,5 White Horse Pike,Pittsburgh,PA,15216,412-612-3943
Ronny,V,Ralphs,7 High Ridge Rd,Pittsburgh,PA,15216,412-612-5895
Alvin,T,Manfredi,12 S Broad St,Pittsburgh,PA,15216,412-619-4084
Tristan,I,Carnighan,818 N Washington St,Pittsburgh,PA,15216,412-623-4722
Marth,G,Coots,404 43rd St,Pittsburgh,PA,15216,412-626-4458
Arline,F,Medero,74 Beech St #5,Pittsburgh,PA,15216,412-630-5357
Indira,Y,Struckman,7518 S Clinton Ave,Pittsburgh,PA,15216,412-639-3109
Ana,W,Odenheimer,2 A Route 17k K,Pittsburgh,PA,15216,412-640-5503
Olevia,J,Rumbolt,18459 Roslyn St,Pittsburgh,PA,15216,412-648-3327
Sudie,B,Craze,26 Preston Fall City,Pittsburgh,PA,15216,412-655-1813
Jasmine,F,Sigel,9 Duffy Ave,Pittsburgh,PA,15216,412-660-2162
Luise,K,Muhlstein,7 Wall St,Pittsburgh,PA,15216,412-662-5398
Su,E,Kalpakoff,5 E 1st St,Pittsburgh,PA,15216,412-669-6213
Lajuana,Y,Brentlinger,5194 Franklin Ave,Pittsburgh,PA,15216,412-672-6421
Tam,U,Delross,641 Executive Blvd,Pittsburgh,PA,15216,412-676-9736
Jewell,V,Glowski,5 S Piedras St,Pittsburgh,PA,15216,412-677-3917
Kandice,D,Zich,1 N Solano Dr,Pittsburgh,PA,15216,412-687-5640
Sung,D,Padavich,56789 Topanga Canyon Pl #12,Pittsburgh,PA,15216,412-691-6293
Dollie,D,Pleet,5 Milnor St,Pittsburgh,PA,15216,412-702-2539
Yuonne,G,Pederzani,15 Boulder Crescent St,Pittsburgh,PA,15216,412-707-1664
Maia,N,Hartley,530 Hulmeville Rd,Pittsburgh,PA,15216,412-717-3352
Pearlie,Z,Dorf,6563 Maple Ave,Pittsburgh,PA,15216,412-719-8656
Willie,D,Morthland,12 Old Jefferson Hwy,Pittsburgh,PA,15216,412-726-9853
Mirta,Y,Luff,9461 Egbert Ave #8498,Pittsburgh,PA,15216,412-728-7664
Sondra,V,Arau,601 W Reno Ave,Pittsburgh,PA,15216,412-730-1552
Jenni,K,Crisco,999 Kinsman Rd,Pittsburgh,PA,15216,412-730-7861
Monserrate,A,Dubon,5 Douglas Blvd,Pittsburgh,PA,15216,412-734-2059
Goldie,D,Bilal,49932 Queens Blvd,Pittsburgh,PA,15216,412-737-9673
Florentina,N,Ogunyemi,78657 Hillsdale Ave #74,Pittsburgh,PA,15216,412-745-3061
Leroy,C,Sullinger,94592 Westbank Expy,Pittsburgh,PA,15216,412-748-7735
Larry,L,Cimmiyotti,892 8th Ave,Pittsburgh,PA,15216,412-753-5122
Ricardo,D,Stecklein,8 W Fremont St #69,Pittsburgh,PA,15216,412-759-2788
Carol,C,Beam,4869 State St,Pittsburgh,PA,15216,412-762-7657
Sheilah,Y,Zakrzewski,43 Bloomfield Ave,Pittsburgh,PA,15216,412-765-6124
Sulema,V,Knerien,3 Aiea Heights,Pittsburgh,PA,15216,412-769-7855
Conrad,S,Bussone,72865 W Carey St,Pittsburgh,PA,15216,412-773-1109
Marylynn,J,Spees,833 S Grimmer Blvd,Pittsburgh,PA,15216,412-781-6860
Drucilla,P,Stubbolo,5 N 40th St,Pittsburgh,PA,15216,412-783-5994
Verda,R,Leal,12 Ronson Rd,Pittsburgh,PA,15216,412-789-8126
Harriett,Q,Kaller,8 39th Ave #6,Pittsburgh,PA,15216,412-791-3830
Justin,N,Gavidia,50830 W Central Ave,Pittsburgh,PA,15216,412-793-6189
Terra,J,Kolupke,99 W Melvina St,Pittsburgh,PA,15216,412-798-8002
Donald,M,Monestime,3 N Jefferson St #144,Pittsburgh,PA,15216,412-803-8261
Moshe,W,Rodregez,327 Louisville Plac,Pittsburgh,PA,15216,412-806-5318
Shae,M,Toso,79506 W 82nd St,Pittsburgh,PA,15216,412-813-9763
Dusty,P,Sappah,2508 River Crossing Shopp,Pittsburgh,PA,15216,412-816-5603
Classie,X,Hennick,4663 Wiley Post Way,Pittsburgh,PA,15216,412-819-9342
Tiara,C,Brierley,5335 New Market St,Pittsburgh,PA,15216,412-821-8969
Maud,C,Rempel,45 Nottingham Way #594,Pittsburgh,PA,15216,412-828-3546
Ceola,S,Basom,8404 Florida St,Pittsburgh,PA,15216,412-830-3466
Malvina,M,Theilen,457 S Susan St #2,Pittsburgh,PA,15216,412-834-2107
Drucilla,F,Cajka,6 Greismere St #71,Pittsburgh,PA,15216,412-842-4195
Alissa,I,Evelyn,348 York Rd,Pittsburgh,PA,15216,412-846-5610
Mi,K,Behrman,76 W Chesapeake Ave,Pittsburgh,PA,15216,412-846-7510
Torrie,C,Banis,915 S Bolmar St #399,Pittsburgh,PA,15216,412-857-8919
Elina,G,Berglund,1 Air Park,Pittsburgh,PA,15216,412-859-7562
Lyn,E,Vilches,3 World Trade Ctr,Pittsburgh,PA,15216,412-867-3856
Chester,V,Kuney,45803 W Melvina St #928,Pittsburgh,PA,15216,412-871-6672
Tona,W,Freie,450 Frenchmen St #4516,Pittsburgh,PA,15216,412-890-3055
Winnie,Q,Tong,8968 Schuyler Ave,Pittsburgh,PA,15216,412-890-4656
Alexa,H,Heggins,95 S Gage St,Pittsburgh,PA,15216,412-898-6912
Estefana,R,Carmicheal,847 Lanark St,Pittsburgh,PA,15216,412-899-7011
Audrea,L,Montalvo,78 Minnesota Ave,Pittsburgh,PA,15216,412-901-3466
Marcel,X,Mosco,174 N Randolph Ave,Pittsburgh,PA,15216,412-901-9455
Hanh,M,Hemric,16 Holme Ave #9,Pittsburgh,PA,15216,412-912-6304
Felton,E,Zinni,7200 Carding Ln,Pittsburgh,PA,15216,412-916-7826
Carlos,P,Arizola,281 Teed Dr,Pittsburgh,PA,15216,412-925-9158
Jillian,H,Mansbridge,8 Grand St,Pittsburgh,PA,15216,412-927-3633
Rolanda,X,Yurovic,83812 E Colonial Dr,Pittsburgh,PA,15216,412-942-6668
Dee,V,Addams,646 Lawrence Rd,Pittsburgh,PA,15216,412-945-9835
Danita,K,Grush,27867 Gordon St #826,Pittsburgh,PA,15216,412-954-4618
Antoine,D,Robateau,94567 Hillsdale Ave,Pittsburgh,PA,15216,412-960-9969
